Names,Nations,Scores,Total Scores
"John John Florence,Gabriel Medina,Julian Wilson,Jordy Smith,Matt Wilkinson,Owen Wright,Kolohe Andino,Adriano de Souza,Joel Parkinson,Filipe Toledo,Sebastian Zietz,Mick Fanning,Connor O'Leary,Frederico Morais,Jeremy Flores,Adrian Buchan,Kanoa Igarashi,Caio Ibelli,Michel Bourez,Conner Coffin,Joan Duru,Italo Ferreira,Ian Gouveia,Bede Durbidge,Miguel Pupo,Wiggolly Dantas,Leonardo Fioravanti,Kelly Slater,Ezekiel Lau,Jack Freestone,Nat Young,Josh Kerr,Jadson Andre,Ethan Ewing,Stuart Kennedy,Yago Dora,Marc Lacomare,Jesse Mendes,Mikey Wright,Vasco Ribeiro,Hiroto Ohhara,Jacob Willcox,Evan Geiselman,Bino Lopes,Keanu Asing,Aritz Aranburu,Michael February,Dusty Payne,Mason Ho,Tevita Gukilau","Hawaii,Brazil,Australia,South Africa,Australia,Australia,United States,Brazil,Australia,Brazil,Hawaii,Australia,Australia,Portugal,France,Australia,Japan,Brazil,France,United States,France,Brazil,Brazil,Australia,Brazil,Brazil,Italy,United States,Hawaii,Australia,United States,Australia,Brazil,Australia,Australia,Brazil,France,Italy,Australia,Portugal,Japan,Australia,United States,Brazil,Hawaii,Spain,South Africa,Hawaii,Hawaii,Fiji","6,500,10,000,6,500,1,750,1,750,5,200,5,200,6,500,6,500,5,200,8,000,6,500,500,1,750,4,000,1,750,6,500,8,000,1,750,10,000,10,000,5,200,1,750,4,000,1,750,4,000,5,200,6,500,10,000,4,000,500,8,000,5,200,4,000,5,200,10,000,5,200,1,750,5,200,6,500,8,000,1,750,1,750,1,750,8,000,500,1,750,6,500,10,000,5,200,4,000,500,1,750,1,750,1,750,10,000,5,200,4,000,5,200,1,750,4,000,5,200,500,4,000,500,500,4,000,8,000,1,750,500,1,750,500,6,500,500,6,500,6,500,1,750,4,000,5,200,5,200,10,000,1,750,1,750,1,750,5,200,1,750,1,750,1,750,5,200,1,750,4,000,5,200,6,500,1,750,1,750,500,5,200,1,750,5,200,500,6,500,5,200,1,750,-,10,000,500,10,000,500,500,500,1,750,4,000,4,000,1,750,4,000,500,1,750,4,000,8,000,5,200,500,1,750,500,5,200,5,200,1,750,5,200,1,750,1,750,5,200,5,200,1,750,5,200,1,750,1,750,1,750,8,000,1,750,4,000,500,500,4,000,1,750,1,750,500,5,200,1,750,1,750,8,000,500,5,200,1,750,4,000,500,1,750,4,000,1,750,1,750,1,750,1,750,1,750,5,200,1,750,500,10,000,500,1,750,1,750,8,000,500,500,4,000,6,500,1,750,1,750,1,750,500,1,750,500,4,000,500,500,1,750,5,200,500,6,500,6,500,1,750,1,750,8,000,1,750,500,1,750,500,500,4,000,1,750,4,000,500,5,200,1,750,500,6,500,4,000,1,750,500,1,750,1,750,1,750,4,000,4,000,500,500,500,4,000,4,000,1,750,500,1,750,4,000,500,500,1,750,500,5,200,4,000,5,200,1,750,4,000,500,500,5,200,500,500,500,4,000,1,750,1,750,1,750,500,1,750,5,200,1,750,1,750,500,1,750,4,000,500,1,750,500,1,750,500,6,500,500,1,750,1,750,1,750,5,200,1,750,1,750,4,000,1,750,500,500,1,750,1,750,500,500,1,750,500,500,1,750,5,200,5,200,1,750,500,500,4,000,4,000,1,750,500,5,200,1,750,500,500,500,500,500,500,500,5,200,1,750,500,500,1,750,4,000,4,000,5,200,1,750,1,750,500,1,750,1,750,500,500,500,500,4,000,1,750,500,6,500,500,500,1,750,500,1,750,500,500,1,750,500,6,500,500,500,500,1,750,500,500,500,1,750,500,500,*,1,750,*,1,750,*,1,750,*,500,*,-,1,750,*,500,*,4,000,*,500,*,-,500,500,500,1,750,500,500,500,1,750,500,4,000,1,750,1,750,500,500,1,750,500,1,750,500,4,000,500,500,500,500,500,500,500,500,500,1,750,1,750,1,750,1,750,1,750,1,750,500,500,500,4,000,500,500,500,1,750,500,500,-,-,-,6,500,*,500,*,-,-,-,-,-,-,-,-,-,-,-,-,-,-,5,200,-,-,-,1,750,*,-,500,*,-,-,-,-,-,-,-,1,750,*,-,-,-,-,-,-,-,-,-,-,-,-,-,-,-,-,-,-,-,1,750,*,-,-,-,-,-,-,-,-,1,750,*,-,-,-,-,1,750,*,-,-,-,-,-,-,-,-,-,-,-,-,-,-,-,-,1,750,*,-,-,-,-,-,-,500,*,500,*,-,-,-,-,-,-,-,-,-,-,-,-,-,-,500,*,-,-,-,-,-,-,-,-,500,*,-,-,-,-,-,-,-,-,-,500,*,-,-,-,-,-,-,-,-,-,-,-,-,-,-,-,500,*,-,-,-,-,-,-,-,-,-,500,*,-,-,-,-,-,500,*,-,-,-,-,-,-","59,600,53,700,48,650,47,600,40,700,39,850,37,250,36,600,36,550,35,450,34,450,33,000,29,950,29,900,29,700,27,750,27,200,25,250,24,950,24,500,23,400,22,400,20,250,20,200,20,150,18,700,18,700,17,700,15,500,13,000,13,000,11,750,11,750,10,750,10,500,7,000,5,200,2,250,1,750,1,750,1,750,1,750,1,750,1,000,500,500,500,500,500,500"
"Kelly Slater,Joel Parkinson,Owen Wright,Taj Burrow,Adriano de Souza,Michel Bourez,Jordy Smith,Josh Kerr,Julian Wilson,Alejo Muniz,Mick Fanning,Gabriel Medina,Jeremy Flores,Damien Hobgood,Kieren Perrow,Bede Durbidge,Adrian Buchan,Heitor Alves,Brett Simpson,Matt Wilkinson,Taylor Knox,Jadson Andre,Tiago Pires,Freddy Patacchia Jr.,Chris Davidson,Kai Otton,Adam Melling,Daniel Ross,Raoni Monteiro,C.J. Hobgood,Dusty Payne,Patrick Gudauskas,John John Florence,Bobby Martinez,Miguel Pupo,Cory Lopez,Dane Reynolds,Gabe Kling,Tom Whitaker","United States,Australia,Australia,Australia,Brazil,France,South Africa,Australia,Australia,Brazil,Australia,Brazil,France,United States,Australia,Australia,Australia,Brazil,United States,Australia,United States,Brazil,Portugal,Hawaii,Australia,Australia,Australia,Australia,Brazil,United States,Hawaii,United States,Hawaii,United States,Brazil,United States,United States,United States,Australia","10,000,5,200,1,750,-,10,000,8,000,10,000,5,200,8,000,5,200,6,500,4,000,10,000,5,200,6,500,500,4,000,5,200,500,5,200,8,000,8,000,1,750,5,200,5,200,1,750,8,000,10,000,8,000,4,000,1,750,4,000,1,750,8,000,500,8,000,1,750,500,6,500,4,000,5,200,6,500,1,750,4,000,4,000,6,500,10,000,1,750,500,4,000,5,200,500,10,000,1,750,1,750,4,000,4,000,4,000,4,000,4,000,500,1,750,5,200,5,200,500,6,500,6,500,6,500,1,750,10,000,1,750,500,500,6,500,1,750,1,750,1,750,1,750,1,750,5,200,5,200,6,500,5,200,5,200,500,1,750,5,200,1,750,1,750,500,500,5,200,1,750,5,200,6,500,8,000,5,200,1,750,1,750,5,200,1,750,500,5,200,500,6,500,500,5,200,500,6,500,1,750,1,750,8,000,1,750,8,000,1,750,1,750,5,200,1,750,1,750,500,500,-,500,-,-,-,-,1,750,10,000,1,750,10,000,5,200,500,1,750,6,500,1,750,5,200,4,000,4,000,4,000,-,500,500,500,1,750,4,000,5,200,1,750,1,750,4,000,4,000,4,000,500,1,750,500,1,750,1,750,1,750,500,1,750,1,750,1,750,500,5,200,10,000,500,4,000,6,500,4,000,500,500,500,1,750,6,500,1,750,500,4,000,500,1,750,6,500,1,750,1,750,4,000,4,000,500,1,750,500,1,750,1,750,1,750,1,750,500,5,200,6,500,500,5,200,-,500,5,200,500,500,500,5,200,1,750,1,750,1,750,1,750,5,200,500,5,200,1,750,500,1,750,5,200,500,1,750,500,1,750,4,000,500,500,500,1,750,500,1,750,500,1,750,6,500,1,750,6,500,500,1,750,5,200,1,750,1,750,1,750,5,200,1,750,1,750,500,500,500,6,500,4,000,500,1,750,1,750,1,750,500,1,750,500,1,750,500,1,750,500,500,500,4,000,4,000,1,750,500,4,000,1,750,500,500,5,200,500,500,4,000,500,1,750,500,4,000,1,750,500,1,750,500,500,1,750,4,000,1,750,1,750,1,750,1,750,500,500,1,750,1,750,1,750,4,000,500,1,750,500,500,500,1,750,1,750,1,750,500,4,000,4,000,500,500,500,500,1,750,1,750,500,500,500,4,000,500,5,200,1,750,500,500,500,1,750,500,500,4,000,1,750,500,1,750,1,750,-,-,-,-,4,000,5,200,500,500,1,750,1,750,500,500,500,1,750,500,1,750,500,1,750,1,750,500,500,1,750,500,1,750,500,4,000,500,-,-,-,-,-,-,1,750,500,4,000,500,5,200,500,1,750,5,200,-,-,-,-,-,-,-,-,-,-,-,-,-,-,500,1,750,500,4,000,500,1,750,500,1,750,500,1,750,500,-,-,-,-,-,500,500,500,500,-,500,500,1,750,-,500,500,500,1,750,500,500,500,500,-,-,-,-,-,-,-,-,-,-,-,1,750,-,-,-,-","68,100,56,100,47,900,45,700,44,950,38,650,38,250,37,750,37,100,33,100,31,700,28,700,28,200,28,200,26,200,26,000,26,000,24,900,23,600,22,400,21,500,21,400,20,250,18,750,18,700,15,500,15,500,15,250,15,200,14,250,14,200,13,000,11,950,7,450,7,250,6,750,5,750,4,250,1,750"
"John John Florence,Jordy Smith,Gabriel Medina,Kolohe Andino,Matt Wilkinson,Michel Bourez,Kelly Slater,Julian Wilson,Joel Parkinson,Filipe Toledo,Adriano de Souza,Sebastian Zietz,Josh Kerr,Adrian Buchan,Italo Ferreira,Caio Ibelli,Mick Fanning,Conner Coffin,Stuart Kennedy,Kanoa Igarashi,Wiggolly Dantas,Miguel Pupo,Nat Young,Keanu Asing,Jeremy Flores,Jadson Andre,Dusty Payne,Kai Otton,Matt Banting,Davey Cathels,Jack Freestone,Alejo Muniz,Adam Melling,Ryan Callinan,Alex Ribeiro,Leonardo Fioravanti,Tanner Gudauskas,Bede Durbidge,Taj Burrow,Brett Simpson,Bruno Santos,Owen Wright,Mason Ho,Frederico Morais,Mikey Wright,Deivid Silva,Lucas Silveira,Marco Fernandez,Bino Lopes,Joan Duru","Hawaii,South Africa,Brazil,United States,Australia,France,United States,Australia,Australia,Brazil,Brazil,Hawaii,Australia,Australia,Brazil,Brazil,Australia,United States,Australia,Japan,Brazil,Brazil,United States,Hawaii,France,Brazil,Hawaii,Australia,Australia,Australia,Australia,Brazil,Australia,Australia,Brazil,Italy,United States,Australia,Australia,United States,Brazil,Australia,Hawaii,Portugal,Australia,Brazil,Brazil,Brazil,Brazil,France","5,200,1,750,1,750,10,000,5,200,8,000,8,000,1,750,6,500,10,000,5,200,500,8,000,4,000,1,750,1,750,5,200,4,000,10,000,500,6,500,5,200,1,750,1,750,4,000,6,500,10,000,5,200,6,500,1,750,8,000,1,750,1,750,8,000,500,5,200,500,500,1,750,5,200,4,000,6,500,6,500,6,500,10,000,10,000,4,000,500,8,000,1,750,1,750,500,1,750,500,1,750,1,750,5,200,1,750,4,000,4,000,4,000,500,4,000,500,4,000,10,000,500,1,750,500,-,6,500,5,200,10,000,5,200,500,1,750,6,500,500,4,000,8,000,500,500,6,500,5,200,500,5,200,5,200,1,750,5,200,1,750,6,500,500,500,1,750,4,000,8,000,500,4,000,4,000,6,500,500,500,4,000,1,750,5,200,500,6,500,5,200,1,750,4,000,5,200,1,750,1,750,6,500,5,200,4,000,500,500,4,000,5,200,1,750,4,000,1,750,10,000,1,750,500,1,750,1,750,500,4,000,5,200,1,750,1,750,500,1,750,500,4,000,6,500,5,200,4,000,500,1,750,5,200,5,200,1,750,4,000,500,6,500,1,750,6,500,1,750,1,750,500,500,1,750,6,500,6,500,4,000,1,750,1,750,1,750,1,750,1,750,1,750,1,750,4,000,4,000,5,200,4,000,500,1,750,500,1,750,4,000,1,750,500,1,750,6,500,-,-,5,200,10,000,-,1,750,-,-,-,4,000,5,200,500,500,1,750,500,500,1,750,1,750,8,000,1,750,6,500,1,750,500,1,750,500,500,500,5,200,4,000,4,000,500,4,000,1,750,1,750,1,750,1,750,1,750,1,750,1,750,1,750,1,750,8,000,1,750,5,200,1,750,500,5,200,4,000,500,1,750,500,1,750,1,750,500,1,750,1,750,5,200,1,750,1,750,500,1,750,1,750,5,200,1,750,1,750,5,200,5,200,1,750,500,500,1,750,500,1,750,500,4,000,500,500,500,500,1,750,500,4,000,500,10,000,500,500,1,750,500,1,750,500,1,750,500,1,750,500,500,4,000,5,200,1,750,500,500,500,4,000,500,4,000,4,000,500,1,750,500,-,1,750,500,5,200,4,000,1,750,1,750,-,500,500,-,500,1,750,500,-,500,500,1,750,1,750,5,200,1,750,1,750,500,500,1,750,1,750,1,750,500,1,750,500,5,200,1,750,500,500,4,000,500,5,200,500,1,750,500,500,1,750,500,500,500,500,500,8,000,500,500,500,1,750,1,750,500,500,500,500,1,750,1,750,1,750,4,000,1,750,500,1,750,500,500,500,500,1,750,5,200,1,750,1,750,1,750,500,500,500,500,1,750,500,500,1,750,500,500,500,500,1,750,500,4,000,500,500,500,500,500,500,1,750,5,200,500,500,1,750,-,-,5,200,1,750,-,-,-,-,1,750,-,-,-,-,-,-,-,-,-,6,500,-,-,-,500,500,500,500,500,500,500,500,500,500,1,750,1,750,500,1,750,-,1,750,-,-,-,-,-,-,-,-,-,-,-,-,-,5,200,-,-,-,-,-,-,-,-,-,5,200,-,-,-,-,500,500,500,500,500,500,500,500,500,500,500,-,4,000,-,-,-,-,-,-,-,-,-,-,-,-,-,-,-,-,-,-,1,750,500,1,750,-,-,-,-,-,-,-,-,-,-,-,-,-,1,750,-,-,-,-,-,-,-,-,-,-,1,750,-,-,-,-,-,-,-,-,-,-,1,750,-,-,-,-,-,-,-,-,-,-,500,-,-,-,-,-,-,-,-,-,-,-,-,-,-,-,500,-,-","59,850,46,400,45,450,44,150,39,500,38,700,37,900,36,850,35,700,35,400,35,350,31,950,30,650,29,700,27,500,26,950,25,200,25,200,24,700,24,250,23,650,22,650,22,400,18,750,17,700,17,500,15,950,15,450,15,450,15,200,14,500,14,250,14,200,11,750,11,700,8,700,6,500,5,750,5,750,5,200,5,200,4,500,4,000,2,250,1,750,1,750,1,750,1,750,500,500"
"Joel Parkinson,Kelly Slater,Mick Fanning,John John Florence,Adriano de Souza,Taj Burrow,Gabriel Medina,Josh Kerr,Julian Wilson,Owen Wright,Jeremy Flores,Jordy Smith,C.J. Hobgood,Adrian Buchan,Michel Bourez,Damien Hobgood,Miguel Pupo,Alejo Muniz,Kieren Perrow,Bede Durbidge,Kai Otton,Kolohe Andino,Matt Wilkinson,Brett Simpson,Yadin Nicol,Heitor Alves,Raoni Monteiro,Tiago Pires,Freddy Patacchia Jr.,Taylor Knox,Adam Melling,Jadson Andre,Patrick Gudauskas,Dusty Payne,Willian Cardoso","Australia,United States,Australia,Hawaii,Brazil,Australia,Brazil,Australia,Australia,Australia,France,South Africa,United States,Australia,France,United States,Brazil,Brazil,Australia,Australia,Australia,United States,Australia,United States,Australia,Brazil,Brazil,Portugal,Hawaii,United States,Australia,Brazil,United States,Hawaii,Brazil","5,200,6,500,8,000,4,000,8,000,8,000,6,500,6,500,5,200,10,000,5,200,8,000,500,10,000,1,750,10,000,10,000,1,750,4,000,6,500,1,750,10,000,6,500,6,500,10,000,6,500,1,750,4,000,500,1,750,1,750,4,000,10,000,5,200,6,500,5,200,6,500,5,200,500,1,750,8,000,4,000,5,200,5,200,1,750,6,500,500,6,500,5,200,1,750,10,000,1,750,4,000,5,200,4,000,5,200,1,750,1,750,10,000,1,750,500,1,750,500,8,000,5,200,4,000,5,200,8,000,5,200,4,000,6,500,5,200,6,500,1,750,1,750,4,000,500,5,200,500,8,000,4,000,500,5,200,5,200,4,000,4,000,1,750,10,000,500,1,750,5,200,5,200,1,750,4,000,6,500,500,4,000,5,200,1,750,1,750,1,750,6,500,4,000,1,750,5,200,4,000,1,750,5,200,5,200,1,750,6,500,5,200,4,000,1,750,500,5,200,1,750,500,1,750,1,750,500,4,000,1,750,6,500,5,200,500,500,1,750,1,750,5,200,5,200,500,1,750,1,750,1,750,5,200,4,000,4,000,1,750,500,4,000,500,4,000,500,1,750,1,750,4,000,1,750,6,500,500,500,1,750,500,4,000,4,000,500,500,500,4,000,6,500,4,000,500,1,750,1,750,1,750,500,5,200,500,500,4,000,500,500,5,200,1,750,1,750,1,750,1,750,1,750,4,000,500,1,750,500,500,500,4,000,500,5,200,1,750,500,4,000,1,750,1,750,1,750,1,750,500,1,750,4,000,1,750,1,750,1,750,500,5,200,500,1,750,1,750,1,750,1,750,1,750,1,750,500,1,750,500,1,750,500,500,500,5,200,4,000,500,1,750,1,750,1,750,500,500,500,1,750,500,500,8,000,500,500,4,000,1,750,1,750,1,750,1,750,1,750,1,750,500,500,1,750,1,750,500,500,500,1,750,500,1,750,1,750,5,200,4,000,500,1,750,4,000,1,750,1,750,500,500,500,500,1,750,1,750,500,500,500,500,500,4,000,4,000,500,500,1,750,5,200,1,750,500,500,500,500,500,395,1,750,1,750,500,1,750,1,750,500,1,750,-,-,500,500,500,500,500,1,750,1,750,1,750,500,1,750,395,1,750,500,1,750,500,500,1,750,500,500,500,500,500,1,750,500,500,500,500,1,750,500,1,750,395,500,500,1,750,500,500,500,1,750,500,1,750,395,500,500,500,500,500,1,750,500,1,750,1,750,395,-,-,500,500,500,-,-,-,-,-","58,700,55,450,47,000,44,350,42,350,41,900,41,350,38,900,35,900,33,600,33,600,27,900,26,650,25,400,24,250,21,750,19,450,18,450,18,200,16,250,16,200,15,950,15,250,15,000,14,950,14,750,13,500,11,200,10,250,9,000,7,750,7,750,7,750,7,750,1,500"
"Adriano de Souza,Mick Fanning,Gabriel Medina,Filipe Toledo,Owen Wright,Julian Wilson,Italo Ferreira,Jeremy Flores,Kelly Slater,Nat Young,Josh Kerr,Bede Durbidge,Joel Parkinson,John John Florence,Wiggolly Dantas,Taj Burrow,Kai Otton,Matt Wilkinson,Adrian Buchan,Keanu Asing,Michel Bourez,Jadson Andre,Adam Melling,C.J. Hobgood,Kolohe Andino,Sebastian Zietz,Miguel Pupo,Jordy Smith,Brett Simpson,Glenn Hall,Ricardo Christie,Freddy Patacchia Jr.,Matt Banting,Mason Ho,Alejo Muniz,Dusty Payne,Dane Reynolds,Vasco Ribeiro,Aritz Aranburu,Jay Davies,Frederico Morais,Bruno Santos,Tomas Hermes,Caio Ibelli,Maxime Huscenot,Jamie O'Brien,Garrett Parkes,Inia Nakalevu,Aca Ravulo,Joe Van Dijk","Brazil,Australia,Brazil,Brazil,Australia,Australia,Brazil,France,United States,United States,Australia,Australia,Australia,Hawaii,Brazil,Australia,Australia,Australia,Australia,Hawaii,France,Brazil,Australia,United States,United States,Hawaii,Brazil,South Africa,United States,Ireland,New Zealand,Hawaii,Australia,Hawaii,Brazil,Hawaii,United States,Portugal,Spain,Australia,Portugal,Brazil,Brazil,Brazil,France,Hawaii,Australia,Fiji,Fiji,Australia","6,500,8,000,10,000,1,750,1,750,5,200,1,750,8,000,6,500,1,750,10,000,5,200,10,000,1,750,4,000,4,000,8,000,1,750,10,000,5,200,1,750,6,500,1,750,5,200,500,1,750,1,750,5,200,8,000,6,500,10,000,5,200,8,000,10,000,5,200,500,10,000,1,750,1,750,4,000,6,500,500,10,000,1,750,1,750,5,200,4,000,5,200,10,000,1,750,6,500,4,000,5,200,500,500,8,000,1,750,5,200,500,8,000,8,000,1,750,1,750,6,500,500,1,750,4,000,500,1,750,6,500,5,200,1,750,5,200,4,000,5,200,8,000,1,750,500,4,000,4,000,1,750,6,500,500,10,000,1,750,4,000,5,200,4,000,1,750,4,000,5,200,1,750,4,000,6,500,5,200,4,000,1,750,1,750,5,200,1,750,6,500,6,500,1,750,1,750,4,000,500,5,200,1,750,4,000,500,1,750,6,500,4,000,5,200,500,1,750,5,200,1,750,1,750,1,750,5,200,5,200,500,500,8,000,1,750,1,750,1,750,1,750,8,000,1,750,1,750,1,750,4,000,1,750,500,5,200,1,750,1,750,5,200,500,5,200,4,000,1,750,1,750,8,000,4,000,500,500,1,750,500,5,200,1,750,4,000,5,200,500,500,1,750,5,200,4,000,4,000,5,200,500,500,500,5,200,1,750,6,500,1,750,6,500,500,500,1,750,-,-,1,750,500,500,1,750,1,750,5,200,5,200,5,200,1,750,1,750,500,1,750,4,000,1,750,500,6,500,500,1,750,1,750,1,750,4,000,1,750,500,500,500,1,750,1,750,1,750,6,500,1,750,5,200,1,750,500,1,750,500,1,750,500,4,000,1,750,4,000,500,500,1,750,4,000,4,000,500,500,5,200,500,500,4,000,500,1,750,1,750,4,000,1,750,500,4,000,1,750,5,200,1,750,500,1,750,500,4,000,500,500,500,1,750,1,750,1,750,4,000,1,750,500,1,750,500,500,5,200,500,500,500,500,500,1,750,6,500,500,1,750,1,750,5,200,1,750,1,750,500,500,1,750,1,750,500,1,750,4,000,4,000,500,1,750,1,750,4,000,1,750,1,750,500,1,750,500,500,1,750,1,750,6,500,500,1,750,500,500,500,500,4,000,500,500,500,4,000,5,200,1,750,500,500,500,500,500,500,500,1,750,500,1,750,500,500,500,500,1,750,500,1,750,6,500,500,4,000,500,1,750,500,500,500,500,1,750,500,500,1,750,500,500,1,750,5,200,500,500,500,500,500,1,750,500,1,750,1,750,1,750,500,1,750,1,750,500,1,750,-,-,-,1,750,1,750,500,4,000,500,500,500,500,500,500,500,-,1,750,-,-,-,-,-,-,-,1,750,6,500,-,-,500,500,1,750,5,200,-,-,500,-,-,1,750,500,500,1,750,500,500,1,750,500,500,500,500,500,-,-,-,4,000,1,750,-,-,1,750,-,-,-,-,-,-,-,-,-,-,-,6,500,-,-,-,-,-,500,-,4,000,500,500,500,-,-,-,5,200,-,500,-,-,-,-,-,-,-,-,-,-,-,-,-,-,-,5,200,-,-,-,-,-,-,-,4,000,-,-,-,-,-,-,-,-,-,500,-,500,1,750,500,-,-,-,-,-,-,-,-,-,500,1,750,-,-,-,-,-,-,-,-,-,1,750,-,-,-,-,-,-,-,-,-,-,-,-,1,750,-,-,-,-,-,-,500,-,-,-,-,-,-,-,-,500,-,-,-,-,-,-,-,-,-,-,500,-,-,-,-,-,-,-,500,-,-,-,-,-,-,-,-,-","57,700,54,650,51,600,50,950,43,600,42,700,41,600,41,200,37,600,33,200,33,100,31,700,30,600,28,700,26,850,26,200,24,850,23,750,22,700,22,250,19,950,19,950,18,950,18,950,17,750,16,750,15,250,15,200,14,250,11,750,11,700,11,500,10,500,10,000,8,450,8,250,8,000,6,500,6,000,5,700,5,200,4,000,3,250,2,250,1,750,1,750,500,500,500,500"
"Kelly Slater,Jordy Smith,Mick Fanning,Dane Reynolds,Taj Burrow,Bede Durbidge,Owen Wright,Adrian Buchan,Jeremy Flores,Adriano de Souza,Michel Bourez,Damien Hobgood,Jadson Andre,Kieren Perrow,Chris Davidson,C.J. Hobgood,Taylor Knox,Andy Irons,Freddy Patacchia Jr.,Bobby Martinez,Tiago Pires,Patrick Gudauskas,Brett Simpson,Matt Wilkinson,Joel Parkinson,Dusty Payne,Adam Melling,Daniel Ross,Kai Otton,Tom Whitaker,Luke Stedman,Roy Powers,Luke Munro,Dean Morrison,Gabe Kling,Neco Padaratz,Kekoa Bacalso,Ben Dunn,Tanner Gudauskas,Nathan Yeomans,Jay Thompson,Marco Polo,Drew Courtney,Mick Campbell,Blake Thornton,Joan Duru,Tim Reyes","United States,South Africa,Australia,United States,Australia,Australia,Australia,Australia,France,Brazil,France,United States,Brazil,Australia,Australia,United States,United States,Hawaii,Hawaii,United States,Portugal,United States,United States,Australia,Australia,Hawaii,Australia,Australia,Australia,Australia,Australia,Hawaii,Australia,Australia,United States,Brazil,Hawaii,Australia,United States,United States,Australia,Brazil,Australia,Australia,Australia,France,United States","3,750,10,000,8,000,1,750,6,500,10,000,8,000,10,000,10,000,6,500,8,000,5,250,5,250,10,000,1,750,5,250,5,250,8,000,5,250,5,250,3,750,8,000,3,750,3,750,3,750,6,500,10,000,1,750,5,250,1,750,6,500,1,750,6,500,5,250,3,750,6,500,1,750,500,5,250,6,500,10,000,6,500,1,750,6,500,500,5,250,1,750,1,750,6,500,3,750,5,250,5,250,1,750,6,500,500,8,000,500,-,8,000,3,750,1,750,1,750,6,500,3,750,3,750,5,250,3,750,5,250,3,750,5,250,3,750,3,750,1,750,3,750,5,250,3,750,6,500,5,250,500,5,250,1,750,1,750,3,750,500,6,500,500,1,750,6,500,3,750,10,000,5,250,5,250,3,750,5,250,3,750,1,750,500,500,5,250,1,750,500,3,750,5,250,1,750,3,750,1,750,5,250,3,750,6,500,1,750,3,750,500,1,750,5,250,3,750,3,750,1,750,5,250,500,3,750,1,750,3,750,10,000,500,500,1,750,3,750,3,750,500,1,750,3,750,500,1,750,500,500,5,250,5,250,500,1,750,8,000,3,750,1,750,3,750,1,750,1,750,3,750,1,750,6,500,3,750,500,1,750,500,5,250,500,8,000,3,750,1,750,1,750,1,750,1,750,1,750,1,750,5,250,500,500,1,750,3,750,1,750,3,750,5,250,1,750,3,750,500,3,750,10,000,1,750,500,500,500,-,3,750,3,750,1,750,1,750,5,250,500,1,750,500,1,750,1,750,6,500,6,500,1,750,1,750,500,500,500,1,750,1,750,500,1,750,3,750,1,750,3,750,5,250,1,750,500,500,1,750,500,1,750,1,750,1,750,500,5,250,500,1,750,5,250,500,1,750,1,750,1,750,500,3,750,500,1,750,6,500,1,750,1,750,500,500,1,750,1,750,3,750,1,750,1,750,500,3,750,1,750,1,750,5,250,5,250,3,750,500,500,500,500,500,-,1,750,1,750,1,750,500,3,750,1,750,1,750,500,1,750,1,750,3,750,500,500,500,8,000,3,750,1,750,500,500,500,1,750,3,750,1,750,1,750,500,500,500,5,250,1,750,1,750,500,5,250,1,750,500,500,500,500,1,750,1,750,500,-,1,750,1,750,1,750,500,500,500,3,750,1,750,500,500,1,750,3,750,500,1,750,1,750,1,750,500,500,500,-,500,3,750,3,750,500,500,500,500,500,1,750,-,1,750,500,3,750,500,1,750,500,1,750,500,500,500,1,750,500,500,1,750,1,750,-,-,1,750,-,500,-,-,-,-,-,1,750,1,750,1,750,1,750,500,500,1,750,1,750,1,750,500,-,-,-,-,-,1,750,500,1,750,1,750,500,-,-,-,-,-,500,500,1,750,1,750,1,750,-,-,-,-,-,500,1,750,1,750,1,750,500,-,-,-,-,-,500,500,500,1,750,1,750,-,-,-,-,-,500,500,500,1,750,1,750,-,-,-,-,-,500,500,500,500,1,750,-,-,-,-,-,500,1,750,500,500,500,-,-,-,-,-,1,750,500,500,500,500,-,-,-,-,-,500,500,500,500,1,750,-,-,-,-,-,-,-,-,1,750,1,750,-,-,-,-,-,-,-,-,1,750,500,-,-,-,-,-","69,000,52,250,44,750,42,000,42,000,39,000,37,250,37,250,35,750,32,000,31,750,29,000,27,000,26,750,26,750,25,750,25,000,22,500,21,500,21,000,20,250,19,750,19,500,18,000,18,000,18,000,17,250,17,000,12,500,12,250,12,250,11,750,11,000,8,500,7,500,6,250,6,250,6,250,6,250,5,000,5,000,3,750,3,750,3,750,3,750,3,500,2,250"
"Gabriel Medina,Julian Wilson,Filipe Toledo,Italo Ferreira,Jordy Smith,Owen Wright,Conner Coffin,Michel Bourez,Wade Carmichael,Kanoa Igarashi,Kolohe Andino,Mikey Wright,Willian Cardoso,Sebastian Zietz,Michael Rodrigues,Jeremy Flores,Adrian Buchan,Griffin Colapinto,Adriano de Souza,Ezekiel Lau,Yago Dora,Joan Duru,Frederico Morais,Joel Parkinson,Matt Wilkinson,Connor O'Leary,Tomas Hermes,Jesse Mendes,Patrick Gudauskas,Kelly Slater,Ryan Callinan,Michael February,Ian Gouveia,Mick Fanning,John John Florence,Miguel Pupo,Keanu Asing,Wiggolly Dantas,Caio Ibelli,Jack Robinson,Kael Walsh,Tikanui Smith,Seth Moniz,Alejo Muniz,David Delroy-Carr,Oney Anwar,Leonardo Fioravanti,Vasco Ribeiro,Jorgann Couzinet,Miguel Blanco","Brazil,Australia,Brazil,Brazil,South Africa,Australia,United States,France,Australia,Japan,United States,Australia,Brazil,Hawaii,Brazil,France,Australia,United States,Brazil,Hawaii,Brazil,France,Portugal,Australia,Australia,Australia,Brazil,Italy,United States,United States,Australia,South Africa,Brazil,Australia,Hawaii,Brazil,Hawaii,Brazil,Brazil,Australia,Australia,French Polynesia,Hawaii,Brazil,Australia,Indonesia,Italy,Portugal,France,Portugal","1,665,6,085,4,745,3,700,4,745,4,745,10,000,10,000,6,085,6,085,10,000,10,000,1,665,6,085,1,665,7,800,4,745,420,4,745,10,000,4,745,7,800,4,745,1,665,10,000,4,745,4,745,10,000,6,085,7,800,1,665,1,665,1,665,1,665,10,000,1,665,10,000,1,665,420,4,745,1,665,1,665,10,000,1,665,1,665,1,665,1,665,6,085,4,745,6,085,1,665,3,700,4,745,1,665,6,085,4,745,4,745,420,1,665,3,700,1,665,7,800,4,745,420,6,085,420,1,665,3,700,420,1,665,4,745,4,745,420,3,700,6,085,1,665,4,745,4,745,4,745,420,7,800,1,665,1,665,1,665,1,665,420,4,745,3,700,1,665,3,700,7,800,420,420,7,800,4,745,420,420,3,700,1,665,3,700,420,3,700,420,420,6,085,3,700,6,085,420,4,745,1,665,1,665,1,665,4,745,420,6,085,1,665,4,745,3,700,1,665,1,665,420,3,700,*,-,1,665,*,6,085,*,6,085,*,1,665,*,1,665,*,1,665,*,4,745,*,-,-,1,665,1,665,1,665,4,745,10,000,1,665,420,420,3,700,1,665,420,420,1,665,3,700,420,1,665,4,745,420,4,745,4,745,420,4,745,4,745,420,4,745,1,665,3,700,1,665,1,665,1,665,3,700,1,665,1,665,1,665,3,700,1,665,4,745,420,1,665,6,085,1,665,420,1,665,1,665,7,800,1,665,1,665,3,700,420,1,665,1,665,420,1,665,3,700,420,6,085,1,665,1,665,4,745,420,3,700,420,1,665,1,665,420,1,665,3,700,1,665,420,3,700,1,665,3,700,1,665,1,665,4,745,420,420,420,4,745,6,085,1,665,420,420,3,700,420,1,665,3,700,420,420,420,4,745,420,1,665,1,665,3,700,3,700,1,665,420,4,745,420,420,420,420,3,700,420,420,1,665,1,665,7,800,4,745,1,665,4,745,1,665,1,665,420,3,700,1,665,420,420,3,700,420,1,665,1,665,-,*,1,665,1,665,3,700,1,665,420,1,665,420,3,700,420,3,700,420,1,665,420,420,420,420,3,700,4,745,1,665,1,665,420,420,420,3,700,1,665,3,700,1,665,1,665,420,1,665,6,085,420,1,665,1,665,420,1,665,420,1,665,420,1,665,420,420,1,665,420,3,700,1,665,420,1,665,420,420,1,665,3,700,420,6,085,420,420,420,420,420,1,665,3,700,1,665,420,420,420,420,420,420,420,420,6,085,420,420,6,085,-,-,-,-,-,-,-,-,7,800,*,1,665,*,3,700,*,1,665,*,420,*,420,1,665,1,665,420,4,745,420,420,420,1,665,420,420,3,700,420,420,420,1,665,1,665,1,665,1,665,420,3,700,7,800,-,-,-,-,-,-,-,-,-,420,1,665,3,700,1,665,1,665,420,420,420,420,420,420,-,-,1,665,*,420,*,420,*,420,*,420,*,4,745,*,420,*,420,*,1,665,*,420,420,1,665,1,665,1,665,420,420,420,420,420,420,-,-,420,*,-,-,1,665,*,1,665,*,420,*,1,665,*,420,*,-,420,420,420,420,420,420,420,420,420,420,420,-,-,-,-,1,665,*,-,-,-,-,-,-,-,-,-,-,1,665,*,-,-,-,-,-,-,-,-,-,-,-,-,1,665,*,-,-,-,-,-,-,-,-,-,-,-,-,-,-,1,665,*,-,-,1,665,*,-,-,-,-,-,-,-,-,-,-,-,-,420,*,-,-,-,-,-,-,-,-,-,420,*,-,-,-,-,-,-,-,420,*,-,-,-,-,-,-,-,-,-,-,-,-,-,-,-,-,-,-,-,420,*,-,-,-,-,-,-,-,-,-,420,*,-,-,-,-,-,-,-,-,-,-,-,420,*,-","62,490,57,585,51,450,43,070,36,440,35,570,32,715,32,395,31,915,30,520,27,600,27,275,27,190,26,850,25,215,24,520,23,945,23,275,22,925,22,820,22,725,21,255,19,645,17,810,17,155,16,565,15,670,15,320,15,215,15,110,13,165,13,085,12,040,11,500,10,795,10,595,7,515,6,255,3,780,1,665,1,665,1,665,1,665,1,665,420,420,420,420,420,420"
"Italo Ferreira,Gabriel Medina,Jordy Smith,Filipe Toledo,Kolohe Andino,Kanoa Igarashi,John John Florence,Kelly Slater,Owen Wright,Jeremy Flores,Julian Wilson,Seth Moniz,Michel Bourez,Ryan Callinan,Jack Freestone,Griffin Colapinto,Caio Ibelli,Wade Carmichael,Adrian Buchan,Conner Coffin,Peterson Crisanto,Yago Dora,Deivid Silva,Willian Cardoso,Jesse Mendes,Michael Rodrigues,Sebastian Zietz,Ezekiel Lau,Joan Duru,Soli Bailey,Leonardo Fioravanti,Jadson Andre,Ricardo Christie,Frederico Morais,Adriano de Souza,Mikey Wright,Jacob Willcox,Marc Lacomare,Reef Heazlewood,Kauli Vaast,Jack Robinson,Crosby Colapinto,Mateus Herdy,Jorgann Couzinet,Michael February,Vasco Ribeiro,Miguel Blanco,Krystian Kymerson,Billy Kemper,Jett Schilling","Brazil,Brazil,South Africa,Brazil,United States,Japan,Hawaii,United States,Australia,France,Australia,Hawaii,France,Australia,Australia,United States,Brazil,Australia,Australia,United States,Brazil,Brazil,Brazil,Brazil,Italy,Brazil,Hawaii,Hawaii,France,Australia,Italy,Brazil,New Zealand,Portugal,Brazil,Australia,Australia,France,Australia,France,Australia,United States,Brazil,France,South Africa,Portugal,Portugal,Brazil,Hawaii,United States","10,000,4,745,1,330,4,745,1,330,7,800,1,330,3,320,7,800,10,000,10,000,4,745,4,745,1,330,1,330,4,745,10,000,7,800,10,000,3,320,3,320,7,800,6,085,6,085,1,330,4,745,7,800,3,320,6,085,4,745,3,320,7,800,1,330,3,320,7,800,4,745,1,330,10,000,6,085,3,320,7,800,1,330,4,745,1,330,7,800,1,330,4,745,7,800,6,085,6,085,1,330,1,330,4,745,4,745,3,320,3,320,3,320,10,000,3,320,4,745,4,745,1,330,3,320,1,330,6,085,1,330,6,085,10,000,1,330,10,000,4,745,265,265,265,265,265,4,745,265,4,745,6,085,3,320,3,320,3,320,1,330,3,320,1,330,3,320,6,085,3,320,3,320,1,330,3,320,1,330,4,745,10,000,6,085,1,330,1,330,1,330,1,330,3,320,7,800,1,330,265,1,330,4,745,1,330,10,000,1,330,265,1,330,1,330,3,320,6,085,4,745,1,330,3,320,4,745,3,320,1,330,3,320,4,745,3,320,1,330,4,745,1,330,1,330,6,085,1,330,3,320,265,3,320,3,320,1,330,3,320,3,320,3,320,3,320,3,320,265,3,320,1,330,4,745,1,330,6,085,3,320,4,745,1,330,3,320,1,330,1,330,4,745,265,1,330,1,330,1,330,3,320,1,330,1,330,1,330,3,320,1,330,6,085,4,745,4,745,1,330,265,1,330,1,330,3,320,1,330,3,320,6,085,1,330,3,320,6,085,265,*,1,330,*,1,330,*,6,085,*,1,330,*,1,330,*,4,745,*,1,330,1,330,*,6,085,*,3,320,*,4,745,1,330,4,745,265,3,320,1,330,1,330,3,320,3,320,3,320,1,330,1,330,1,330,4,745,265,265,4,745,1,330,4,745,4,745,1,330,1,330,4,745,3,320,3,320,3,320,1,330,1,330,1,330,1,330,1,330,3,320,1,330,1,330,3,320,1,330,3,320,265,3,320,1,330,265,1,330,4,745,3,320,3,320,1,330,1,330,1,330,1,330,1,330,1,330,4,745,3,320,1,330,4,745,1,330,3,320,1,330,1,330,3,320,3,320,3,320,3,320,265,1,330,1,330,3,320,3,320,1,330,1,330,1,330,3,320,1,330,3,320,1,330,1,330,1,330,1,330,265,3,320,1,330,3,320,265,1,330,1,330,1,330,3,320,3,320,1,330,1,330,6,085,1,330,3,320,1,330,265,265,1,330,3,320,265,1,330,265,265,3,320,1,330,4,745,1,330,3,320,265,1,330,1,330,1,330,1,330,265,1,330,1,330,3,320,1,330,3,320,3,320,265,1,330,1,330,265,3,320,1,330,3,320,1,330,3,320,1,330,1,330,1,330,1,330,1,330,1,330,265,1,330,1,330,1,330,1,330,1,330,1,330,3,320,3,320,265,1,330,3,320,1,330,265,265,265,265,6,085,1,330,265,265,1,330,1,330,1,330,1,330,265,4,745,1,330,265,1,330,1,330,1,330,1,330,1,330,1,330,1,330,1,330,1,330,1,330,265,265,3,320,-,-,-,265,*,6,085,*,1,330,*,265,*,-,1,330,*,1,330,*,265,*,265,265,265,265,1,330,1,330,4,745,265,265,265,265,3,320,1,330,1,330,265,265,265,265,265,265,265,265,-,4,745,*,265,*,265,*,-,-,-,-,-,-,-,-,-,-,-,-,-,-,-,4,745,*,-,-,3,320,*,1,330,*,-,-,-,-,-,-,-,-,-,-,-,-,-,-,-,3,320,*,-,-,-,-,-,-,-,3,320,*,-,-,-,-,-,-,-,-,-,-,-,-,-,-,1,330,-,1,330,*,-,1,330,*,-,-,-,265,*,-,-,265,-,-,-,-,-,-,-,-,265,*,-,-,1,330,*,-,-,-,-,-,-,-,1,330,*,-,-,-,-,-,-,-,-,-,-,-,-,-,-,1,330,*,-,-,-,-,-,-,-,-,-,-,1,330,*,-,-,-,-,-,1,330,*,-,-,-,-,-,-,-,-,-,-,-,-,-,-,-,-,1,330,-,-,-,-,-,-,-,1,330,-,-,-","59,740,56,475,49,985,49,145,46,655,40,185,37,700,34,845,34,780,32,515,31,515,29,525,29,315,27,535,27,535,27,450,26,885,26,760,25,630,23,345,23,345,22,780,21,920,19,930,19,930,19,640,18,300,17,940,17,940,15,950,14,455,14,320,13,960,10,870,8,995,7,570,5,275,4,745,4,650,3,320,3,320,2,660,1,860,1,595,1,330,1,330,1,330,1,330,1,330,1,330"
"Filipe Toledo,Italo Ferreira,Jack Robinson,Ethan Ewing,Kanoa Igarashi,Miguel Pupo,Griffin Colapinto,Caio Ibelli,Connor O'Leary,Callum Robson,Samuel Pupo,John John Florence,Matthew McGillivray,Jordy Smith,Kelly Slater,Barron Mamiya,Nat Young,Jake Marshall,Yago Dora,Kolohe Andino,Jadson Andre,Seth Moniz,Jackson Baker,Gabriel Medina,Conner Coffin,Ezekiel Lau,Lucca Mesinas,Owen Wright,Morgan Cibilic,Frederico Morais,Leonardo Fioravanti,Deivid Silva,Imaikalani deVault,Joao Chianca,Ryan Callinan,Carlos Munoz,Mick Fanning,Billy Kemper,Ivan Florence,Miguel Tudela,Mikey Wright,Justin Becret,Liam O'Brien,Jordan Lawler,Koa Smith,Vasco Ribeiro,Jacob Willcox,Afonso Antunes,Tully Wylie,Ben Spence","Brazil,Brazil,Australia,Australia,Japan,Brazil,United States,Brazil,Australia,Australia,Brazil,Hawaii,South Africa,South Africa,United States,Hawaii,United States,United States,Brazil,United States,Brazil,Hawaii,Australia,Brazil,United States,Hawaii,Peru,Australia,Australia,Portugal,Italy,Brazil,Hawaii,Brazil,Australia,Costa Rica,Australia,Hawaii,Hawaii,Peru,Australia,France,Australia,Australia,Hawaii,Portugal,Australia,Portugal,Australia,Australia","3,320,3,320,7,800,10,000,3,320,7,800,7,800,10,000,3,320,1,330,3,320,1,330,6,085,4,745,4,745,3,320,6,085,6,085,4,745,1,330,1,330,4,745,1,330,6,085,10,000,10,000,4,745,3,320,7,800,3,320,1,330,6,085,1,330,6,085,6,085,3,320,4,745,3,320,10,000,3,320,4,745,7,800,4,745,1,330,1,330,4,745,4,745,1,330,6,085,4,745,6,085,265,3,320,4,745,3,320,3,320,1,330,4,745,3,320,10,000,1,330,1,330,10,000,1,330,4,745,4,745,10,000,1,330,3,320,3,320,6,085,*,6,085,*,1,330,*,1,330,*,3,320,*,1,330,3,320,3,320,3,320,6,085,1,330,3,320,3,320,3,320,1,330,6,085,3,320,4,745,4,745,3,320,3,320,1,330,3,320,7,800,3,320,1,330,4,745,4,745,3,320,1,330,4,745,1,330,1,330,3,320,3,320,3,320,1,330,7,800,4,745,3,320,4,745,1,330,6,085,4,745,7,800,3,320,1,330,1,330,1,330,1,330,1,330,*,3,320,*,265,*,265,*,6,085,*,4,745,3,320,3,320,3,320,4,745,3,320,3,320,4,745,1,330,4,745,1,330,3,320,1,330,4,745,3,320,10,000,1,330,3,320,1,330,1,330,1,330,1,330,1,330,3,320,6,085,3,320,*,10,000,*,1,330,*,1,330,*,3,320,*,1,330,3,320,1,330,1,330,1,330,1,330,3,320,3,320,3,320,4,745,1,330,1,330,3,320,3,320,1,330,1,330,4,745,3,320,1,330,1,330,3,320,3,320,1,330,1,330,3,320,265,265,265,265,265,1,330,*,3,320,*,6,085,*,6,085,*,4,745,*,1,330,3,320,4,745,3,320,3,320,3,320,1,330,1,330,1,330,1,330,*,265,3,320,1,330,1,330,3,320,4,745,1,330,1,330,1,330,3,320,7,800,4,745,1,330,265,265,1,330,1,330,1,330,1,330,1,330,1,330,1,330,3,320,3,320,1,330,1,330,3,320,3,320,1,330,1,330,265,265,265,265,265,6,085,6,085,1,330,1,330,1,330,1,330,1,330,4,745,265,1,330,-,-,-,-,-,1,330,4,745,1,330,1,330,1,330,-,-,-,-,-,4,745,1,330,1,330,1,330,1,330,-,-,-,-,-,1,330,265,1,330,4,745,1,330,-,-,-,-,-,265,1,330,1,330,3,320,1,330,-,-,-,-,-,1,330,1,330,3,320,1,330,1,330,-,-,-,-,-,3,320,1,330,1,330,1,330,1,330,-,-,-,-,-,1,330,3,320,265,1,330,1,330,-,-,-,-,-,265,1,330,1,330,3,320,1,330,-,-,-,-,-,3,320,1,330,1,330,1,330,1,330,-,-,1,330,*,-,-,265,1,330,1,330,1,330,1,330,-,-,-,-,-,3,320,265,265,265,265,-,1,330,*,-,-,-,-,-,-,3,320,*,-,-,-,-,-,-,-,1,330,*,-,-,-,-,-,-,-,-,1,330,*,-,-,-,-,-,-,-,-,-,1,330,*,-,-,-,-,-,-,3,320,*,-,-,-,-,-,1,330,*,-,-,-,-,-,-,-,-,1,330,*,-,-,-,-,-,-,-,265,*,265,265,265,265,-,-,-,-,-,265,*,265,*,-,-,-,-,-,-,-,-,-,265,*,-,-,-,-,-,-,-,-,-,-,265,*,-,-,-,-,-,-,-,-,-,-,-,265,*,-,-,-,-,-,-,-,265,*,-,-,-,-,-,-,-,-,-,-,265,*,-,-,-,-,-,-,-,-,-,-,265,*,-,-,-,-,-","54,690,40,460,51,345,44,290,40,270,40,185,40,120,34,195,33,505,33,230,33,230,32,015,30,450,30,175,29,375,26,610,25,335,23,345,22,625,22,015,21,355,20,790,19,930,17,220,8,735,8,735,8,735,8,735,7,310,7,310,7,310,7,310,7,310,7,310,5,320,4,115,3,320,1,330,1,330,1,330,1,330,1,330,1,060,530,265,265,265,265,265,265"
"Joao Chianca,Filipe Toledo,Jack Robinson,Griffin Colapinto,Ethan Ewing,John John Florence,Gabriel Medina,Ryan Callinan,Yago Dora,Leonardo Fioravanti,Connor O'Leary,Caio Ibelli,Matthew McGillivray,Callum Robson,Jordy Smith,Italo Ferreira,Barron Mamiya,Liam O'Brien,Rio Waida,Kanoa Igarashi,Seth Moniz,Ian Gentil,Samuel Pupo,Nat Young,Jackson Baker,Miguel Pupo,Kelly Slater,Michael Rodrigues,Maxime Huscenot,Jake Marshall,Kolohe Andino,Ezekiel Lau,Carlos Munoz,Jadson Andre,Ramzi Boukhiam","Brazil,Brazil,Australia,United States,Australia,Hawaii,Brazil,Australia,Brazil,Italy,Australia,Brazil,South Africa,Australia,South Africa,Brazil,Hawaii,Australia,Indonesia,Japan,Hawaii,Hawaii,Brazil,United States,Australia,Brazil,United States,Brazil,France,United States,United States,Hawaii,Costa Rica,Brazil,Morocco","6,085,6,085,10,000,3,320,6,085,-,-,-,-,-,4,745,10,000,1,330,6,085,4,745,-,-,-,-,-,10,000,6,085,7,800,1,330,265,-,-,-,-,-,1,330,7,800,4,745,4,745,7,800,-,-,-,-,-,1,330,4,745,3,320,10,000,4,745,-,-,-,-,-,4,745,3,320,1,330,6,085,6,085,-,-,-,-,-,3,320,3,320,3,320,3,320,10,000,-,-,-,-,-,3,320,1,330,3,320,7,800,3,320,-,-,-,-,-,3,320,1,330,6,085,3,320,3,320,-,-,-,-,-,7,800,3,320,1,330,1,330,3,320,-,-,-,-,-,1,330,265,4,745,4,745,4,745,-,-,-,-,-,6,085,4,745,3,320,1,330,1,330,-,-,-,-,-,265,4,745,1,330,4,745,3,320,-,-,-,-,-,3,320,1,330,6,085,265,3,320,-,-,-,-,-,4,745,1,330,1,330,3,320,3,320,-,-,-,-,-,1,330,3,320,3,320,1,330,3,320,-,-,-,-,-,1,330,1,330,3,320,1,330,4,745,-,-,-,-,-,4,745,1,330,1,330,1,330,3,320,-,-,-,-,-,3,320,1,330,4,745,265,265,-,-,-,-,-,1,330,3,320,1,330,3,320,1,330,-,-,-,-,-,3,320,3,320,1,330,1,330,1,330,-,-,-,-,-,3,320,1,330,3,320,1,330,1,330,-,-,-,-,-,1,330,1,330,4,745,1,330,1,330,-,-,-,-,-,1,330,4,745,1,330,1,330,1,330,-,-,-,-,-,1,330,1,330,1,330,4,745,1,330,-,-,-,-,-,3,320,3,320,1,330,265,265,-,-,-,-,-,1,330,3,320,1,330,1,330,1,330,-,-,-,-,-,1,330,1,330,1,330,3,320,265,-,-,-,-,-,1,330,265,265,3,320,1,330,-,-,-,-,-,1,330,1,330,1,330,265,1,330,-,-,-,-,-,1,330,1,330,265,1,330,1,330,-,-,-,-,-,1,330,265,265,1,330,1,330,-,-,-,-,-,1,330,1,330,*,1,330,*,265,*,265,*,-,-,-,-,-,265,265,265,265,265,-,-,-,-,-,265,265,265,265,265,-,-,-,-,-","28,255,25,575,25,215,25,090,22,810,20,235,19,960,17,760,16,045,15,770,15,565,15,480,14,140,14,055,12,715,11,290,10,725,10,725,9,660,9,300,9,300,9,300,8,735,8,735,8,735,8,235,7,310,7,310,6,245,5,320,5,320,4,255,4,255,1,060,1,060"
"Mick Fanning,Kelly Slater,Joel Parkinson,Jordy Smith,Taj Burrow,Julian Wilson,Kai Otton,Nat Young,Josh Kerr,John John Florence,C.J. Hobgood,Michel Bourez,Adriano de Souza,Gabriel Medina,Filipe Toledo,Sebastian Zietz,Adrian Buchan,Jeremy Flores,Miguel Pupo,Freddy Patacchia Jr.,Bede Durbidge,Matt Wilkinson,Brett Simpson,Adam Melling,Kolohe Andino,Patrick Gudauskas,Yadin Nicol,Damien Hobgood,Alejo Muniz,Kieren Perrow,Dusty Payne,Glenn Hall,Raoni Monteiro,Willian Cardoso,Tiago Pires,Owen Wright,Heitor Alves","Australia,United States,Australia,South Africa,Australia,Australia,Australia,United States,Australia,Hawaii,United States,France,Brazil,Brazil,Brazil,Hawaii,Australia,France,Brazil,Hawaii,Australia,Australia,United States,Australia,United States,United States,Australia,United States,Brazil,Australia,Hawaii,Ireland,Brazil,Brazil,Portugal,Australia,Brazil","6,500,5,200,6,500,8,000,5,200,6,500,4,000,10,000,5,200,6,500,10,000,1,750,5,200,10,000,4,000,8,000,1,750,5,200,500,10,000,8,000,1,750,1,750,5,200,10,000,4,000,1,750,6,500,6,500,6,500,1,750,6,500,10,000,5,200,1,750,4,000,6,500,4,000,5,200,500,5,200,6,500,4,000,4,000,5,200,500,10,000,4,000,4,000,1,750,5,200,1,750,1,750,1,750,5,200,5,200,8,000,5,200,5,200,5,200,1,750,5,200,1,750,1,750,1,750,6,500,5,200,5,200,10,000,4,000,1,750,8,000,4,000,4,000,6,500,500,1,750,500,8,000,4,000,1,750,4,000,1,750,5,200,6,500,5,200,5,200,500,6,500,1,750,1,750,500,500,6,500,4,000,5,200,500,5,200,4,000,8,000,1,750,4,000,1,750,6,500,5,200,4,000,4,000,500,5,200,4,000,6,500,500,4,000,500,8,000,500,6,500,4,000,1,750,1,750,500,10,000,8,000,500,4,000,500,4,000,1,750,1,750,1,750,1,750,1,750,6,500,500,1,750,1,750,1,750,8,000,500,1,750,1,750,5,200,5,200,500,1,750,500,1,750,6,500,1,750,500,1,750,1,750,5,200,5,200,1,750,500,1,750,1,750,1,750,5,200,500,4,000,5,200,500,1,750,10,000,500,1,750,500,500,4,000,1,750,1,750,4,000,1,750,4,000,1,750,1,750,500,4,000,500,500,1,750,1,750,1,750,1,750,500,1,750,4,000,5,200,500,500,500,1,750,4,000,5,200,1,750,1,750,1,750,1,750,5,200,1,750,1,750,500,500,1,750,1,750,500,1,750,1,750,5,200,500,500,1,750,1,750,1,750,500,500,4,000,500,4,000,500,1,750,1,750,500,500,1,750,4,000,500,500,4,000,500,500,500,500,1,750,4,000,500,1,750,1,750,500,1,750,1,750,4,000,500,500,1,750,1,750,500,500,500,500,1,750,-,-,500,5,200,1,750,500,1,750,-,-,500,1,750,1,750,1,750,500,500,500,5,200,500,1,750,500,1,750,1,750,1,750,500,500,1,750,500,1,750,1,750,500,500,500,500,1,750,1,750,1,750,500,500,500,500,1,750,500,1,750,500,1,750,1,750,395,1,750,1,750,500,500,500,500,500,500,500,1,750,500,500,4,000,500,500,500,500,500,500,500,500,4,000,500,500,500,-,500,-,500,395,500,5,200,-,-,500,-,-,-,-,-,500,1,750,500,500,500,500,500,500,500,500,500,500,500,500,500,500,500,500,500,500,-,-,-,1,750,-,-,-,-,-,-","54,400,54,150,48,450,43,150,42,900,40,950,39,600,38,000,36,100,35,150,34,650,33,000,31,750,25,000,24,400,24,350,24,200,23,000,18,450,18,450,16,200,15,950,14,750,14,750,12,500,12,450,12,450,10,250,10,250,9,000,7,750,7,500,7,395,6,200,5,250,4,000,1,750"
"Italo Ferreira,Gabriel Medina,Jordy Smith,Filipe Toledo,Kolohe Andino,Kanoa Igarashi,John John Florence,Kelly Slater,Owen Wright,Jeremy Flores,Julian Wilson,Seth Moniz,Michel Bourez,Ryan Callinan,Jack Freestone,Griffin Colapinto,Caio Ibelli,Wade Carmichael,Conner Coffin,Adrian Buchan,Peterson Crisanto,Yago Dora,Frederico Morais,Jadson Andre,Adriano de Souza,Matthew McGillivray,Jack Robinson,Alex Ribeiro,Miguel Pupo,Ethan Ewing,Connor O'Leary,Deivid Silva,Morgan Cibilic,Mikey Wright,Leonardo Fioravanti","Brazil,Brazil,South Africa,Brazil,United States,Japan,Hawaii,United States,Australia,France,Australia,Hawaii,France,Australia,Australia,United States,Brazil,Australia,United States,Australia,Brazil,Brazil,Portugal,Brazil,Brazil,South Africa,Australia,Brazil,Brazil,Australia,Australia,Brazil,Australia,Australia,Italy",,"0,0,0,0,0,0,0,0,0,0,0,0,0,0,0,0,0,0,0,0,0,0,0,0,0,0,0,0,0,0,0,0,0,0,0"
"Gabriel Medina,Filipe Toledo,Italo Ferreira,Conner Coffin,Morgan Cibilic,Griffin Colapinto,Jordy Smith,Kanoa Igarashi,Yago Dora,Frederico Morais,John John Florence,Jack Robinson,Leonardo Fioravanti,Deivid Silva,Ryan Callinan,Adriano de Souza,Ethan Ewing,Kelly Slater,Jadson Andre,Jeremy Flores,Julian Wilson,Seth Moniz,Miguel Pupo,Matthew McGillivray,Owen Wright,Caio Ibelli,Peterson Crisanto,Michel Bourez,Jack Freestone,Wade Carmichael,Connor O'Leary,Mikey Wright,Alex Ribeiro,Liam O'Brien,Mateus Herdy,Adrian Buchan,Kolohe Andino,Reef Heazlewood,Rio Waida,Jacob Willcox,Sebastian Zietz,Nat Young,Stuart Kennedy,Patrick Gudauskas,Mick Fanning,Michael Dunphy,Lucca Mesinas,Eli Hanneman,Lucas Vicente,Dylan Moffat","Brazil,Brazil,Brazil,United States,Australia,United States,South Africa,Japan,Brazil,Portugal,Hawaii,Australia,Italy,Brazil,Australia,Brazil,Australia,United States,Brazil,France,Australia,Hawaii,Brazil,South Africa,Australia,Brazil,Brazil,France,Australia,Australia,Australia,Australia,Brazil,Australia,Brazil,Australia,United States,Australia,Indonesia,Australia,Hawaii,United States,Australia,United States,Australia,United States,Peru,Hawaii,Brazil,Australia","7,800,7,800,10,000,3,320,10,000,7,800,4,745,1,330,6,085,3,320,10,000,1,330,10,000,1,330,6,085,10,000,3,320,4,745,6,085,3,320,4,745,265,4,745,7,800,1,330,4,745,3,320,4,745,1,330,6,085,4,745,1,330,7,800,3,320,3,320,1,330,3,320,6,085,6,085,1,330,6,085,1,330,4,745,3,320,3,320,7,800,3,320,265,265,4,745,3,320,4,745,3,320,1,330,6,085,1,330,1,330,3,320,4,745,1,330,4,745,4,745,3,320,1,330,3,320,6,085,3,320,1,330,3,320,4,745,10,000,1,330,3,320,4,745,265,265,265,3,320,1,330,3,320,1,330,1,330,265,10,000,4,745,1,330,265,1,330,3,320,3,320,6,085,1,330,4,745,1,330,1,330,1,330,1,330,7,800,3,320,4,745,1,330,4,745,1,330,1,330,1,330,265,4,745,1,330,1,330,3,320,4,745,1,330,1,330,1,330,4,745,1,330,1,330,4,745,3,320,6,085,265,265,265,265,4,745,3,320,3,320,265,3,320,3,320,265,1,330,3,320,4,745,1,330,1,330,3,320,265,265,*,3,320,1,330,3,320,1,330,3,320,4,745,265,*,-,1,330,1,330,1,330,4,745,3,320,3,320,1,330,3,320,1,330,1,330,1,330,4,745,3,320,1,330,3,320,265,265,6,085,1,330,1,330,1,330,265,*,3,320,1,330,1,330,3,320,3,320,1,330,3,320,1,330,3,320,3,320,1,330,1,330,1,330,3,320,1,330,1,330,3,320,265,1,330,1,330,1,330,1,330,1,330,1,330,3,320,265,1,330,3,320,1,330,1,330,265,1,330,1,330,265,*,1,330,3,320,1,330,1,330,1,330,1,330,1,330,1,330,1,330,265,1,330,3,320,1,330,265,1,330,265,*,1,330,*,265,*,3,320,*,265,*,1,330,*,265,1,330,1,330,1,330,1,330,1,330,265,-,-,-,-,6,085,*,265,*,-,-,-,-,-,-,-,6,085,*,265,1,330,265,1,330,265,1,330,1,330,1,330,265,265,265,265,265,3,320,-,-,3,320,*,265,*,-,-,-,-,-,-,-,-,-,3,320,*,-,-,-,1,330,*,1,330,*,-,-,1,330,*,-,-,-,-,-,-,-,-,-,-,-,1,330,*,-,-,-,-,-,1,330,*,-,-,-,-,-,-,-,1,330,*,-,-,-,1,330,*,-,-,-,-,-,-,-,-,-,1,330,*,-,-,-,-,-,-,-,1,330,*,-,-,-,-,-,1,330,*,-,-,-,-,-,-,1,330,*,-,-,-,1,330,*,-,-,-,-","43,400,30,735,31,660,25,355,25,270,22,905,22,505,22,215,20,875,20,790,19,660,19,300,18,800,16,535,15,470,15,470,15,470,14,680,14,610,14,045,14,045,14,045,14,045,13,395,12,620,12,620,10,630,8,640,8,640,8,640,8,640,7,575,6,650,6,350,6,085,5,585,5,445,3,585,3,320,2,660,1,330,1,330,1,330,1,330,1,330,1,330,1,330,1,330,1,330,1,330"
"Gabriel Medina,Mick Fanning,John John Florence,Kelly Slater,Michel Bourez,Joel Parkinson,Jordy Smith,Adriano de Souza,Taj Burrow,Josh Kerr,Kolohe Andino,Owen Wright,Nat Young,Julian Wilson,Adrian Buchan,Bede Durbidge,Filipe Toledo,Kai Otton,Miguel Pupo,Sebastian Zietz,Freddy Patacchia Jr.,Jadson Andre,Matt Wilkinson,C.J. Hobgood,Adam Melling,Alejo Muniz,Aritz Aranburu,Dion Atkinson,Tiago Pires,Mitch Crews,Brett Simpson,Jeremy Flores,Glenn Hall,Raoni Monteiro,Mitch Coleborn","Brazil,Australia,Hawaii,United States,France,Australia,South Africa,Brazil,Australia,Australia,United States,Australia,United States,Australia,Australia,Australia,Brazil,Australia,Brazil,Hawaii,Hawaii,Brazil,Australia,United States,Australia,Brazil,Spain,Australia,Portugal,Australia,United States,France,Ireland,Brazil,Australia","10,000,5,200,4,000,1,750,10,000,5,200,10,000,5,200,5,200,1,750,8,000,5,200,1,750,10,000,500,5,200,10,000,1,750,5,200,4,000,10,000,4,000,500,1,750,6,500,1,750,5,200,1,750,6,500,8,000,10,000,6,500,5,200,5,200,6,500,5,200,6,500,5,200,1,750,8,000,6,500,5,200,1,750,1,750,1,750,10,000,500,10,000,6,500,1,750,4,000,4,000,1,750,4,000,4,000,8,000,5,200,5,200,4,000,4,000,8,000,1,750,5,200,1,750,1,750,1,750,500,5,200,4,000,5,200,1,750,1,750,500,10,000,6,500,8,000,500,6,500,4,000,5,200,4,000,5,200,5,200,500,5,200,1,750,5,200,500,6,500,1,750,8,000,6,500,4,000,5,200,1,750,4,000,4,000,1,750,500,4,000,8,000,1,750,4,000,500,4,000,1,750,500,6,500,5,200,6,500,1,750,1,750,500,8,000,6,500,4,000,5,200,1,750,5,200,1,750,1,750,1,750,1,750,5,200,500,4,000,6,500,5,200,4,000,1,750,1,750,4,000,4,000,5,200,1,750,5,200,8,000,1,750,1,750,1,750,500,500,1,750,1,750,1,750,6,500,1,750,1,750,1,750,500,1,750,1,750,500,10,000,1,750,1,750,500,1,750,1,750,1,750,5,200,6,500,1,750,500,6,500,500,6,500,1,750,5,200,1,750,500,6,500,500,500,4,000,1,750,500,4,000,1,750,1,750,4,000,500,500,1,750,4,000,5,200,5,200,500,1,750,1,750,500,1,750,1,750,4,000,1,750,1,750,6,500,5,200,5,200,4,000,1,750,500,500,1,750,500,4,000,5,200,1,750,1,750,500,1,750,1,750,5,200,1,750,1,750,1,750,500,1,750,1,750,4,000,4,000,500,4,000,500,1,750,4,000,500,1,750,1,750,1,750,1,750,1,750,1,750,500,1,750,500,500,1,750,1,750,8,000,1,750,1,750,500,500,1,750,500,500,6,500,1,750,500,4,000,500,1,750,5,200,1,750,1,750,500,500,4,000,1,750,1,750,500,500,500,1,750,1,750,4,000,500,500,1,750,500,500,500,5,200,1,750,500,500,500,1,750,1,750,5,200,500,500,500,1,750,5,200,500,500,1,750,1,750,500,1,750,1,750,1,750,500,4,000,500,1,750,500,500,1,750,500,500,5,200,500,1,750,1,750,500,1,750,500,500,1,750,1,750,500,4,000,1,750,500,500,500,4,000,500,1,750,1,750,500,500,1,750,500,500,500,500,500,500,500,500,500,500,4,000,500,500,4,000,500,1,750,500,500,500,1,750,500,-,500,1,750,500,1,750,-,-,1,750,500,1,750,500,500,-,-,-,500,500,500,500,500,500,500,500,500,500,500,500,-,500,-,-,1,750,-,500,-,-,-,500","62,800,55,350,51,400,50,050,46,000,43,100,42,900,42,250,41,700,41,700,35,900,34,150,31,150,28,750,28,700,28,450,28,150,26,200,25,900,21,450,21,250,20,750,17,750,17,700,17,700,17,650,14,250,14,200,13,000,11,750,11,500,9,500,5,500,4,500,3,250"
